<?xml version="1.0" encoding="UTF-8" standalone="yes"?>
<addon id="plugin.video.testbuild" name="testbuild" version="1.0.0" provider-name="testbuild">
  <requires>
    <import addon="xbmc.python" version="2.1.0"/>
  </requires>
  <extension point="xbmc.python.pluginsource" library="default.py">
        <provides>video executable</provides>
  </extension>
  <extension point="xbmc.addon.metadata">
    <summary lang="en">testbuild</summary>
    <description lang="en">testbuild</description>
    <platform>all</platform>
  </extension>
</addon>
